乘客数,到达,出发
1,7,3
2,7,14
2,7,14
2,7,14
1,10,9
2,10,14
1,10,28
2,11,9
2,11,30
1,11,30
2,12,9
2,12,9
2,12,9
2,12,3
2,12,12
2,12,12
2,12,12
2,12,12
2,12,12
2,12,12
2,12,12
1,12,12
2,12,8
2,12,8
2,12,8
2,12,8
1,12,8
2,12,30
2,12,30
2,12,30
2,13,14
1,13,14
2,13,12
2,13,8
2,13,8
2,13,8
2,13,8
2,13,8
2,13,8
2,13,8
2,13,8
2,14,12
2,14,8
2,14,8
1,15,3
2,15,14
2,15,12
2,15,8
2,15,8
2,15,8
2,15,8
2,15,23
2,15,23
1,15,23
1,15,22
2,17,8
2,17,8
2,17,8
2,17,8
2,17,29
2,17,29
2,19,12
1,19,12
2,19,8
2,19,8
2,19,8
1,19,8
1,19,2
2,19,29
1,19,29
2,19,23
2,19,23
2,19,33
1,19,32
2,19,30
2,19,30
2,19,13
1,19,35
2,21,12
2,21,41
2,21,41
2,21,17
2,21,17
2,21,17
2,21,17
2,21,17
2,21,17
2,21,17
2,21,17
2,21,17
2,21,17
1,21,17
2,22,8
2,22,33
2,22,33
2,22,33
2,22,33
2,22,33
2,22,33
2,22,33
2,22,33
2,22,33
2,22,33
2,22,32
2,22,35
2,22,35
2,22,5
2,22,5
2,22,5
2,22,5
1,22,5
1,22,62
1,23,8
2,23,33
2,23,40
2,23,40
2,23,17
2,23,17
2,23,17
2,23,19
2,23,19
2,23,19
1,23,19
2,26,8
1,26,8
1,26,29
2,26,32
2,26,32
2,26,32
2,26,32
2,26,32
2,26,32
2,26,32
2,26,40
2,26,40
2,26,40
2,26,40
2,26,40
2,26,40
2,26,40
2,26,40
2,26,40
2,26,40
2,26,39
2,26,50
2,26,45
2,26,45
2,26,45
2,26,41
2,26,41
2,26,41
2,26,41
2,26,41
1,26,41
2,26,17
2,26,17
2,26,17
2,26,17
2,26,17
2,26,17
2,26,17
2,26,17
2,26,17
2,26,17
2,26,17
2,26,17
2,26,17
2,26,17
2,26,17
1,26,17
2,26,19
2,26,19
2,26,19
2,26,19
2,26,19
2,26,19
2,26,19
2,26,19
2,26,19
2,27,23
2,27,32
2,27,32
2,27,32
2,27,32
2,27,32
2,27,32
1,27,32
1,27,40
2,27,35
1,27,48
2,27,46
1,28,38
1,28,37
2,28,39
1,28,39
2,28,67
2,29,39
1,29,39
2,29,41
1,29,41
1,29,67
2,29,17
2,29,17
2,29,19
2,29,19
2,29,19
2,29,19
1,29,19
1,29,60
2,30,45
2,30,17
1,30,17
2,30,19
2,30,15
2,30,15
2,30,15
2,30,15
2,30,15
2,30,15
2,30,15
2,30,15
2,30,15
2,30,15
2,30,15
2,30,15
1,30,11
1,32,50
1,32,67
1,32,17
1,32,62
2,32,19
2,32,69
1,33,39
1,33,53
2,33,45
2,33,45
2,33,45
2,33,45
2,33,45
2,33,41
1,33,67
2,33,60
2,33,56
2,33,56
2,33,56
2,33,56
2,33,56
2,33,56
2,33,56
2,33,56
1,33,56
2,33,27
1,34,40
2,34,39
2,34,39
1,34,39
2,34,67
1,34,67
2,34,62
2,34,62
1,34,62
1,34,19
2,34,69
1,34,56
2,34,27
1,34,27
2,35,45
1,35,45
2,35,65
1,35,65
2,35,41
1,35,41
2,35,17
1,35,17
1,35,19
2,35,77
1,35,77
1,37,41
1,37,17
2,37,19
1,37,27
2,38,65
2,38,65
2,38,65
2,38,65
2,38,41
1,38,17
2,38,19
2,38,19
2,38,77
2,38,75
2,38,75
1,39,61
1,39,45
2,39,17
1,39,17
2,39,62
1,39,19
2,39,75
2,39,75
1,39,75
1,39,76
2,40,50
2,40,50
1,40,50
2,40,46
2,40,73
1,40,73
1,40,60
2,40,27
2,41,45
2,41,45
1,41,45
2,41,17
2,41,17
2,41,17
2,41,60
2,41,60
2,41,60
2,41,75
2,41,75
2,41,27
1,41,27
1,41,79
1,42,61
2,42,65
2,42,65
2,42,65
2,42,65
2,42,65
1,42,65
2,42,17
1,42,17
2,42,19
1,42,66
1,42,70
2,42,55
2,42,79
2,42,79
1,42,15
1,44,64
2,44,19
2,44,66
2,45,53
2,45,53
2,45,53
2,45,53
1,45,53
2,45,50
2,45,50
2,45,62
2,45,62
2,45,60
2,45,60
2,45,60
1,45,60
1,45,69
1,45,27
2,46,65
1,46,65
1,46,62
2,46,19
2,46,77
1,46,75
2,46,70
2,46,70
1,46,70
2,46,27
1,48,45
2,48,67
2,48,17
2,48,17
1,48,17
1,48,62
1,48,69
2,48,75
2,50,41
2,50,41
1,50,17
2,50,19
1,50,58
1,50,15
2,50,86
1,50,86
1,50,26
1,52,41
1,53,45
1,53,41
1,53,17
1,53,19
2,53,69
1,53,75
2,53,27
2,53,27
2,53,27
1,54,17
1,54,56
2,54,27
2,54,27
1,55,41
2,55,17
2,55,17
1,55,17
2,55,66
2,55,75
2,55,75
1,55,75
1,55,56
2,55,27
2,55,79
2,55,79
2,55,79
2,55,79
2,55,79
2,55,79
2,55,79
2,55,79
2,55,79
2,55,79
2,55,79
2,55,79
1,55,79
2,55,80
2,55,15
2,55,15
2,55,15
2,55,15
2,55,15
2,55,15
2,55,15
1,55,15
1,56,17
2,56,69
1,56,69
2,58,17
1,58,62
1,58,19
2,58,75
2,58,75
2,60,17
1,60,60
1,60,27
1,61,60
2,61,69
1,61,69
2,61,27
1,61,27
2,61,79
2,61,79
2,61,79
1,61,15
1,61,11
2,62,19
1,62,60
2,64,19
2,64,19
2,64,19
2,64,19
2,64,19
2,64,19
2,64,19
2,64,19
2,64,19
2,64,19
2,64,19
2,64,19
2,64,19
2,64,19
2,64,19
2,64,19
2,64,19
2,64,19
2,64,19
2,64,19
2,64,19
2,64,19
2,64,19
2,64,19
2,64,19
2,64,19
2,64,19
1,64,19
2,64,56
2,64,15
2,64,15
2,64,15
2,64,15
2,64,15
2,64,11
2,64,11
2,64,11
2,64,11
2,64,11
2,64,11
2,64,11
2,64,11
2,64,11
1,64,11
1,65,74
1,65,78
1,65,84
2,66,19
1,66,19
2,66,77
2,66,77
2,66,77
2,66,77
2,66,77
1,66,75
2,66,26
2,66,26
1,67,19
1,67,77
2,67,75
2,67,27
1,67,27
2,67,26
1,69,19
2,69,60
2,69,75
2,69,75
2,69,75
2,69,75
2,69,75
2,69,75
1,69,75
2,69,27
2,69,15
2,69,15
2,69,15
2,69,15
1,69,93
2,70,19
2,70,69
2,70,69
1,70,55
1,70,27
2,70,79
2,70,26
2,70,26
2,70,26
2,70,26
2,70,26
2,70,26
2,70,26
2,70,26
2,70,26
2,70,26
1,70,26
2,72,58
2,72,58
1,72,58
1,72,80
2,72,100
1,72,100
2,73,84
1,73,84
2,73,89
2,73,91
1,73,86
1,73,26
2,74,72
1,74,34
1,74,91
1,74,26
1,75,27
1,75,15
2,75,93
2,75,93
2,75,93
2,75,93
2,75,93
1,76,58
2,76,89
2,76,89
1,76,89
2,77,27
2,77,79
2,77,79
2,77,79
2,77,79
2,77,79
1,77,79
2,77,80
2,77,80
1,77,80
2,77,15
1,77,15
2,77,11
2,77,92
2,77,92
2,77,92
2,77,92
2,77,92
1,77,92
1,77,86
2,77,93
2,77,26
2,77,26
2,77,26
2,78,27
2,78,27
1,78,15
1,78,81
2,79,80
1,79,80
1,79,84
1,79,34
2,79,100
2,79,100
1,79,100
1,79,100
2,80,89
2,80,89
2,80,89
1,80,89
2,80,95
2,80,95
2,80,95
2,80,95
2,80,95
2,80,95
1,80,100
2,80,119
1,81,93
1,81,82
1,82,123
1,82,109
1,84,89
2,84,86
1,84,26
2,84,95
1,84,97
2,84,117
2,84,102
1,84,102
1,86,93
1,86,26
2,86,7
1,86,7
2,89,108
1,89,108
1,91,7
2,91,109
2,91,132
1,91,132
2,92,100
2,92,119
2,92,119
2,92,108
2,92,108
2,92,108
2,92,102
1,92,102
2,92,7
1,92,112
2,92,138
2,93,101
2,93,82
2,93,82
1,93,82
2,93,108
1,93,108
1,93,111
2,93,88
2,93,88
2,93,124
2,93,124
2,93,124
1,93,124
1,93,121
2,93,7
2,93,7
1,95,82
2,95,111
2,95,124
2,95,124
2,95,124
1,95,7
1,97,119
2,97,117
2,97,117
1,97,117
2,97,102
2,97,102
2,97,88
1,97,88
1,97,124
2,97,121
2,97,7
1,97,7
2,97,136
2,98,119
2,98,119
1,98,119
2,98,108
2,98,108
2,98,108
2,98,108
2,98,108
2,98,108
2,98,108
2,98,108
2,98,108
2,98,108
2,98,108
2,98,111
2,98,102
2,98,102
1,98,102
2,98,88
2,98,88
2,98,88
1,98,88
2,98,124
1,98,121
2,98,7
1,98,112
2,98,138
2,99,108
2,99,111
2,99,111
1,99,124
2,99,155
1,100,128
2,100,123
2,100,109
2,100,109
2,100,109
2,100,109
2,100,109
2,100,109
2,100,109
2,100,109
2,100,109
1,100,109
2,100,132
2,100,132
2,100,132
2,100,132
2,100,132
2,100,132
2,100,132
2,100,132
2,100,132
2,100,132
2,100,141
1,100,141
2,101,7
2,101,7
2,101,109
2,101,132
1,101,132
2,101,142
1,101,134
1,101,155
1,102,108
2,102,111
1,102,111
2,102,102
1,102,102
2,102,138
2,102,138
2,102,138
2,102,138
2,102,138
2,102,138
2,102,138
2,103,102
2,103,102
2,103,102
2,103,102
1,103,121
2,104,112
1,104,112
1,104,135
2,104,138
1,108,150
1,109,123
2,109,109
2,109,141
1,109,141
2,109,134
2,109,134
1,109,134
2,111,127
2,111,127
1,111,127
1,111,140
2,111,135
2,111,135
2,111,135
1,111,136
1,117,124
2,117,112
1,117,112
2,121,138
1,121,155
1,121,125
1,121,113
1,123,7
2,123,140
1,123,140
2,123,134
1,123,134
2,123,155
2,123,113
1,123,113
2,124,123
2,124,123
1,124,123
2,124,132
1,124,140
2,124,134
1,125,140
2,125,141
2,125,141
2,125,141
2,125,141
2,125,141
2,125,141
1,125,141
2,125,113
1,127,135
1,127,138
2,127,154
2,127,154
1,128,7
1,128,150
1,131,138
1,131,159
2,131,169
1,131,113
2,131,154
1,131,154
1,132,150
2,132,134
1,132,134
2,132,113
2,133,136
1,133,136
2,133,137
2,133,137
2,133,137
2,133,159
1,133,154
1,134,142
1,134,150
1,135,142
1,135,150
1,135,113
1,136,142
2,136,134
1,136,134
2,136,144
2,136,144
2,136,144
1,136,154
2,136,118
1,136,118
2,136,147
2,136,147
2,136,147
2,136,147
1,136,147
2,136,174
2,136,145
2,136,145
2,136,145
2,136,145
1,137,150
2,137,155
1,137,155
2,137,154
2,138,125
1,138,125
2,141,137
2,141,168
2,141,168
2,141,168
2,141,168
1,141,154
2,141,145
2,142,150
1,142,113
2,142,145
2,142,145
1,142,145
2,144,134
2,144,113
1,144,113
1,144,145
1,145,155
1,145,159
2,145,125
2,145,125
2,145,113
2,145,113
2,145,113
2,145,154
2,145,118
2,145,145
2,145,179
2,145,179
1,147,159
2,147,168
1,147,168
2,150,133
2,150,139
2,150,154
2,150,154
2,150,154
2,150,154
2,150,154
2,150,154
1,150,154
2,150,118
2,150,147
2,151,133
1,151,133
1,151,159
1,151,125
1,151,168
2,151,113
2,151,113
2,151,151
2,151,151
2,151,151
2,151,151
2,151,151
2,151,151
2,151,151
2,151,151
2,151,151
2,151,151
2,151,151
2,151,151
2,151,151
2,151,151
2,151,151
1,151,151
2,151,145
1,152,113
1,152,145
1,154,133
2,154,159
2,154,159
2,154,159
2,154,125
2,154,125
2,154,125
1,154,125
2,154,113
2,154,113
2,154,113
2,154,154
2,154,154
2,154,154
2,154,154
2,154,154
2,154,154
1,154,154
2,154,118
1,154,118
1,154,192
2,154,145
2,154,145
1,154,145
2,154,188
1,154,188
2,154,184
1,154,194
2,155,113
2,155,113
2,155,151
1,157,125
1,157,145
2,163,113
1,163,145
2,163,194
2,165,184
2,165,184
1,166,154
2,167,154
2,167,154
1,167,154
1,167,118
2,167,179
2,167,200
1,167,188
1,167,182
2,167,184
2,167,215
1,167,215
2,167,212
2,168,113
2,168,113
2,168,151
1,168,192
2,168,145
1,168,181
2,168,182
2,168,211
2,168,211
1,170,113
1,170,145
2,171,147
1,171,147
1,171,145
2,171,194
2,171,194
2,171,194
2,171,215
2,171,215
2,171,215
2,171,215
2,171,215
2,171,215
2,171,215
2,171,215
1,171,215
1,174,147
2,174,174
1,174,192
2,174,145
2,174,145
2,174,181
1,174,181
1,174,170
1,174,178
1,178,194
1,179,145
2,179,182
1,179,206
1,179,215
1,179,207
1,179,218
2,179,214
1,179,212
2,179,223
2,180,161
2,181,151
2,181,151
1,181,151
2,181,182
2,181,182
2,181,182
2,181,230
2,182,211
2,182,211
1,182,212
1,183,154
2,184,179
2,184,181
1,184,193
2,184,186
1,184,186
1,184,207
2,184,214
1,184,212
1,184,223
1,184,230
1,185,145
1,185,187
2,185,170
1,185,170
2,185,208
1,185,208
2,185,193
1,185,186
2,185,207
1,185,207
2,185,211
2,185,211
2,185,214
2,185,212
1,185,212
1,185,223
1,185,230
2,185,161
2,185,161
2,185,161
2,185,161
2,185,161
2,185,185
2,185,185
2,185,185
1,185,185
1,185,162
1,186,212
1,187,170
1,187,182
1,187,193
2,187,206
1,187,186
2,187,215
1,187,215
2,187,214
2,187,214
1,187,223
1,187,230
1,187,162
2,187,158
2,188,145
1,188,185
2,188,162
1,188,162
1,189,182
1,189,184
2,189,211
2,189,214
1,189,214
1,189,212
1,189,161
1,189,162
1,190,206
2,190,189
2,190,189
2,190,189
2,190,189
2,190,189
1,190,189
1,192,178
2,193,203
2,193,203
2,193,203
2,193,203
2,194,193
2,194,211
1,194,214
2,194,161
2,194,185
1,194,185
2,195,189
1,195,189
1,198,211
1,198,230
1,198,189
2,198,161
1,198,158
2,199,223
1,200,178
2,200,183
1,200,183
1,200,158
2,200,160
1,200,160
1,201,189
1,201,161
2,201,183
1,201,183
2,201,162
2,201,160
2,203,162
2,204,162
1,205,207
2,205,212
2,205,212
2,205,212
1,205,212
1,205,230
2,205,161
2,205,161
2,205,161
1,205,161
2,205,185
2,205,162
2,205,158
2,205,158
2,205,158
1,206,160
2,207,161
1,207,161
2,207,183
2,207,183
1,207,183
2,207,162
2,209,189
1,209,161
1,209,158
1,211,183
2,211,185
2,211,160
1,211,160
1,211,160
2,213,223
2,213,223
2,213,223
2,213,230
1,213,230
2,213,161
2,213,161
2,213,183
2,213,158
1,214,223
1,214,161
2,214,185
1,214,158
2,214,160
2,214,160
1,214,160
2,215,158
2,215,158
1,215,158
1,218,183
1,219,185
2,219,162
2,219,162
2,219,162
1,219,158
2,219,160
1,219,160
2,221,161
2,221,162
2,222,178
1,222,189
2,222,185
1,222,185
1,222,162
2,222,158
1,222,158
2,222,160
2,222,160
2,222,160
2,222,160
2,222,160
2,222,160
2,222,160
2,222,160
2,222,160
2,222,160
2,222,160
2,222,160
2,223,189
2,223,189
1,223,189
1,223,161
2,223,183
1,223,183
1,223,203
2,223,162
1,223,160
1,224,189
2,224,185
1,224,203
1,224,162
1,228,183
1,228,185
2,228,158
2,228,160
1,228,160
2,230,158
2,230,158
1,230,158
1,230,160
1,237,183
1,238,162
2,260,204
2,260,258
2,260,258
2,260,171
2,260,171
1,260,171
2,260,255
2,260,255
2,260,210
2,260,210
2,260,210
2,260,210
2,260,210
2,260,210
2,260,210
2,260,210
2,260,210
2,260,210
2,260,210
2,260,210
2,260,210
2,260,210
2,260,210
2,260,210
2,260,210
2,260,210
2,260,210
2,260,210
2,260,210
2,260,210
2,260,210
2,260,210
1,260,210
1,260,201
1,263,204
2,263,255
1,263,255
2,263,219
1,263,265
1,264,204
1,264,233
1,264,258
2,264,263
1,264,263
2,264,171
1,264,171
1,264,255
2,264,210
2,264,210
2,264,210
2,264,201
2,264,201
1,264,254
1,264,278
2,264,219
2,264,239
2,264,209
2,264,209
2,264,209
2,264,209
2,264,209
2,264,209
2,264,209
2,264,249
1,264,265
1,264,222
2,264,284
2,265,258
2,265,263
1,265,171
1,265,255
2,265,224
2,265,224
1,265,225
2,265,231
2,265,231
1,265,231
2,265,239
2,265,239
2,265,239
2,265,239
2,265,239
2,265,239
1,265,239
2,265,209
1,265,209
2,265,249
1,265,249
2,265,265
2,265,265
2,265,265
2,265,265
2,265,265
2,265,261
2,265,261
2,265,261
1,265,261
2,265,205
2,265,205
2,265,166
1,266,258
2,266,210
2,266,210
2,266,210
2,266,210
2,266,210
1,266,210
1,266,224
2,266,239
1,266,209
2,266,261
2,266,261
2,266,261
2,266,261
2,266,261
2,266,261
2,266,261
2,266,261
2,266,261
2,266,261
2,266,261
2,266,261
2,266,261
1,267,210
2,267,224
2,267,225
1,267,225
2,267,249
2,267,249
2,267,261
2,267,247
2,267,247
2,268,171
2,268,171
2,268,255
2,268,255
2,268,255
2,268,255
1,268,260
2,268,210
2,268,210
2,268,210
1,268,210
1,268,224
2,268,190
2,268,190
2,268,190
2,268,190
2,268,190
1,268,201
2,268,225
2,268,225
2,268,225
2,268,225
2,268,225
2,268,225
2,268,225
2,268,225
2,268,225
1,268,225
1,268,209
1,268,285
1,269,171
2,269,210
2,269,210
2,269,210
2,269,210
1,269,210
1,269,224
2,269,201
1,269,241
2,269,239
1,269,239
2,269,209
2,269,209
1,269,238
1,269,265
2,269,261
1,269,261
2,269,280
2,269,280
1,269,280
1,269,284
2,271,219
1,271,209
1,271,265
2,271,261
2,271,261
2,271,261
2,271,261
2,271,261
2,271,261
2,271,261
2,271,261
2,271,261
2,271,261
2,271,261
2,271,261
2,271,261
1,271,261
1,271,247
2,271,285
1,271,289
2,271,288
2,271,288
2,272,171
2,272,210
2,272,210
2,272,210
2,272,224
1,272,225
2,272,219
1,272,219
1,272,239
2,272,209
2,272,209
1,272,209
1,272,249
2,272,261
2,272,261
2,272,261
1,272,261
1,272,280
2,272,288
1,272,228
1,275,224
2,275,225
2,275,231
2,275,231
1,275,231
2,275,239
1,275,239
2,275,209
2,275,209
2,275,209
2,275,209
2,275,238
2,275,238
2,275,238
2,275,238
2,275,238
1,275,238
2,275,265
2,275,261
2,275,261
2,275,261
2,275,261
2,275,261
1,275,261
2,275,285
2,275,284
1,275,288
2,275,293
2,275,205
2,275,205
2,275,166
2,275,244
2,275,286
2,275,286
1,275,290
1,277,239
2,277,209
2,277,209
2,277,249
1,277,249
2,277,289
2,277,288
2,277,288
2,277,288
2,277,288
2,277,288
2,277,288
2,277,288
2,277,288
2,277,228
2,277,228
2,277,228
1,277,228
1,277,166
1,277,244
2,277,286
2,277,286
2,277,286
2,277,286
2,277,286
2,277,286
2,277,286
2,277,273
1,277,273
2,277,299
2,277,299
2,277,299
2,277,299
2,277,299
2,277,299
2,277,299
2,277,299
2,277,299
2,277,299
2,277,299
2,277,299
2,277,299
2,277,299
2,277,299
2,278,286
1,278,286
1,278,298
1,279,225
1,279,219
2,279,239
1,279,239
1,279,259
2,279,247
1,279,280
1,279,280
2,279,289
2,279,289
2,279,289
2,279,289
2,279,289
1,279,289
1,279,166
1,279,290
2,279,273
1,279,273
1,279,296
1,280,265
2,280,244
1,280,296
2,280,275
2,280,275
2,280,275
1,280,275
2,283,239
2,283,265
1,283,265
2,283,261
2,283,261
2,283,202
2,283,202
2,283,202
1,283,285
2,283,288
1,283,244
2,283,298
2,283,298
2,283,298
2,283,298
1,283,298
2,283,272
2,283,275
2,283,275
2,283,275
2,283,275
1,283,275
2,284,292
2,284,292
1,284,292
2,284,317
2,284,298
2,284,279
2,285,166
2,285,244
2,285,296
1,285,296
2,285,299
2,285,299
2,285,298
1,285,298
1,285,323
2,285,272
2,285,318
1,285,318
2,285,275
2,285,275
2,285,267
1,285,267
2,285,279
2,285,279
2,285,279
1,285,257
2,286,275
1,286,279
2,286,257
2,286,257
2,286,257
2,286,257
2,286,328
2,286,264
2,286,264
1,286,264
1,286,143
2,288,298
2,288,318
1,288,318
2,288,275
2,288,321
2,288,325
1,288,279
2,288,264
1,288,264
2,289,298
2,289,298
2,289,272
2,289,267
1,289,325
2,289,279
2,289,279
2,289,279
2,289,279
1,289,257
2,289,213
2,289,213
2,289,213
2,289,213
2,289,213
1,289,213
1,289,143
1,290,322
2,290,318
1,290,275
1,290,320
1,290,264
2,291,296
1,291,296
1,291,317
2,291,323
2,291,323
2,291,318
2,291,318
2,291,325
1,291,325
1,291,257
2,291,277
2,292,296
1,292,317
1,292,323
2,292,272
2,292,275
2,292,267
1,292,267
1,292,271
2,293,322
2,293,322
2,293,322
2,293,322
2,293,322
2,293,322
2,293,322
2,293,322
1,293,298
2,293,318
1,293,318
2,293,275
1,293,275
2,293,267
1,293,267
1,293,320
1,293,279
2,293,257
1,293,257
2,293,264
1,293,264
2,295,279
2,295,279
1,296,317
1,296,298
1,296,323
2,296,272
1,296,318
2,296,275
2,296,275
2,296,275
2,296,325
1,296,279
2,296,331
2,296,331
1,298,323
2,298,275
2,298,275
2,298,275
1,298,275
2,298,321
2,298,321
1,298,321
2,298,279
2,298,279
1,298,279
2,298,257
2,298,213
2,298,213
1,298,213
2,298,331
1,298,10
2,299,322
2,299,322
2,299,322
1,299,322
1,299,272
1,299,275
2,299,271
1,299,320
1,299,279
2,299,314
2,299,143
2,299,143
1,299,143
1,301,317
1,301,323
2,301,267
2,301,267
2,301,267
1,301,267
1,301,279
1,301,264
2,301,340
1,302,275
2,302,279
1,302,279
1,302,326
2,302,277
1,302,148
1,302,316
1,302,340
2,303,275
2,304,317
2,304,298
1,304,272
2,304,275
2,304,275
2,304,275
1,304,275
2,304,267
2,304,325
1,304,325
1,304,336
1,306,322
2,306,298
1,306,267
1,306,279
2,306,257
2,306,213
2,306,340
2,306,340
2,306,340
2,306,340
2,306,274
2,306,274
1,306,274
1,309,298
2,309,323
2,309,323
2,309,323
2,309,323
1,309,272
2,309,275
1,309,325
2,309,279
1,309,277
1,309,148
2,309,10
1,309,10
1,310,323
2,310,275
1,310,267
1,310,330
2,310,279
1,310,257
1,310,213
2,310,310
1,312,318
1,312,329
1,312,321
1,312,310
1,312,336
2,313,298
2,313,272
2,313,275
1,313,267
2,313,320
1,313,279
2,313,213
1,313,213
2,313,331
2,313,331
2,313,331
1,313,264
2,314,298
1,314,272
1,314,275
2,314,279
1,314,213
1,314,264
2,316,318
1,316,267
1,316,325
2,316,279
2,316,279
1,316,279
2,316,257
1,316,257
1,316,336
2,317,275
1,317,275
2,317,321
1,317,321
2,317,325
2,317,325
2,317,325
2,317,325
2,317,325
1,317,325
1,317,279
1,317,257
2,317,213
1,317,277
2,317,148
1,317,264
1,318,275
2,318,267
1,318,267
2,318,325
1,318,213
2,318,143
1,318,10
2,320,275
2,320,275
2,320,275
2,320,275
2,320,275
2,320,275
2,320,275
2,320,275
2,320,275
2,320,275
2,320,275
2,320,275
2,320,275
2,320,275
2,320,275
2,320,275
2,320,275
2,320,275
2,320,275
2,320,275
2,320,275
2,320,275
1,320,257
2,320,213
1,320,213
2,320,264
2,320,264
2,320,264
2,320,264
2,320,264
2,320,264
2,320,264
2,320,264
1,320,264
2,320,336
2,320,143
2,320,143
2,320,143
2,320,143
2,320,143
2,320,143
2,320,143
2,320,143
2,320,143
2,320,143
2,320,143
1,320,143
2,320,10
2,320,10
2,320,10
2,320,10
1,320,10
2,321,326
2,321,316
1,321,316
1,321,199
2,321,353
2,321,353
2,322,275
2,322,267
2,322,320
1,322,320
2,322,326
1,322,326
1,322,213
2,322,313
2,322,316
1,322,316
1,322,334
1,322,143
1,322,340
2,323,274
2,323,274
2,323,274
2,323,274
2,323,274
2,325,271
2,325,321
2,325,321
2,325,321
2,325,321
2,325,321
2,325,321
2,325,321
2,325,321
1,325,321
1,325,331
1,325,264
1,325,10
2,326,275
2,326,275
1,326,275
2,326,267
2,326,320
2,326,320
2,326,320
2,326,320
2,326,320
2,326,279
1,326,279
1,326,257
1,326,331
2,326,334
1,326,10
2,326,340
2,326,340
1,326,274
1,328,257
1,328,143
2,328,338
1,328,340
2,328,274
1,328,274
2,329,279
2,329,310
2,329,316
1,329,264
1,329,338
2,329,250
2,329,250
1,329,250
2,329,340
1,329,340
2,330,316
2,330,316
1,330,199
1,330,10
2,330,274
2,331,277
2,331,148
1,331,148
2,331,334
2,331,334
2,331,334
2,331,334
2,331,334
2,331,334
1,331,264
2,331,143
1,331,10
2,331,340
1,331,274
2,332,277
1,332,277
2,332,148
2,332,148
2,332,10
1,332,346
2,333,277
2,333,277
1,333,143
1,333,10
2,333,346
2,334,338
2,334,338
2,334,338
2,334,338
2,334,338
2,334,338
2,334,338
2,334,338
1,334,338
1,334,199
2,334,344
2,334,340
2,334,340
2,334,340
2,334,353
2,335,250
2,335,10
1,335,346
2,335,348
2,335,348
1,335,348
1,335,350
1,336,355
1,338,199
2,338,250
2,338,348
2,338,348
2,338,355
2,338,355
2,338,355
2,338,355
2,338,355
1,338,355
2,340,352
1,340,352
1,340,364
1,340,363
2,340,283
2,342,363
2,344,361
1,344,361
1,345,353
1,345,354
2,345,364
2,345,364
2,345,364
2,345,364
2,345,364
2,345,364
2,345,364
2,345,364
2,345,364
2,345,364
2,345,364
2,345,364
2,345,364
2,345,355
2,345,355
2,345,371
2,345,371
2,345,371
1,345,357
2,346,354
1,346,352
2,346,364
2,346,364
2,346,364
2,346,363
2,346,363
1,346,363
2,346,342
2,346,342
2,346,342
2,346,342
1,348,352
1,348,364
2,348,363
2,348,363
1,348,342
1,348,361
2,350,353
2,350,353
1,350,353
2,350,360
1,350,360
1,350,363
2,350,355
2,350,355
2,350,355
2,350,355
2,350,355
2,350,355
2,350,367
2,350,375
1,350,375
1,350,371
1,351,352
1,352,369
2,352,364
2,352,364
1,352,364
1,352,363
2,352,355
1,352,342
1,352,375
2,352,371
2,352,371
2,352,357
2,353,363
2,353,373
2,353,373
2,353,373
2,353,373
2,353,373
2,353,373
1,353,361
1,353,361
1,353,379
1,353,379
1,353,384
2,353,384
2,353,384
1,353,384
1,353,397
1,353,397
2,353,335
2,353,335
2,353,335
2,353,335
2,353,335
2,353,335
2,353,335
2,353,335
2,353,335
2,353,335
1,353,335
2,353,335
2,354,361
1,354,361
1,354,283
1,354,394
1,354,392
1,354,390
1,354,397
2,354,335
2,354,335
2,354,335
1,354,335
2,355,360
2,355,364
2,355,364
2,355,364
2,355,364
2,355,364
2,355,363
2,355,363
2,355,363
2,355,363
2,355,363
1,355,363
1,355,342
1,355,377
1,355,371
1,355,383
2,355,357
2,355,357
2,355,357
1,355,357
2,356,377
2,356,371
1,356,371
1,356,332
2,357,364
2,357,364
2,357,364
2,357,364
1,357,364
2,357,363
2,357,355
2,357,397
2,357,397
2,357,387
2,359,361
1,360,377
2,360,389
1,360,389
1,360,390
2,360,335
1,360,413
1,361,373
1,361,379
1,361,384
2,361,390
2,361,397
2,361,376
1,361,376
1,363,283
1,363,394
2,363,389
1,363,389
2,363,385
1,363,385
2,370,361
2,371,357
1,371,386
1,371,332
2,371,387
1,371,387
2,371,376
1,373,361
2,373,283
2,373,283
2,373,394
2,373,394
2,373,394
2,373,394
2,373,394
2,373,394
2,373,394
2,373,397
2,373,404
1,373,404
2,373,393
2,373,393
2,373,393
2,373,425
2,375,361
1,375,361
2,375,392
1,375,392
1,375,390
1,375,397
1,375,335
2,375,393
1,376,283
2,376,384
2,376,384
2,376,390
1,376,390
2,376,393
2,376,393
2,376,393
1,376,393
1,377,404
2,377,425
2,379,394
1,379,394
2,379,397
2,379,397
2,379,397
1,382,385
1,382,393
2,382,425
1,383,394
1,383,392
1,383,387
1,383,376
1,383,425
1,384,394
2,384,390
1,384,393
2,385,397
2,385,387
1,385,387
2,385,404
1,385,404
1,385,393
2,385,412
2,385,412
1,386,397
2,386,335
2,386,393
2,386,393
2,386,393
2,386,393
2,386,425
2,386,425
1,386,425
2,386,368
2,386,407
2,386,407
2,386,407
2,387,413
2,389,419
2,389,419
1,389,368
1,390,397
1,390,335
2,390,376
1,390,376
2,390,393
2,390,393
1,390,393
2,390,425
2,390,425
1,390,407
2,392,397
1,392,397
1,392,376
2,392,393
2,392,393
1,392,393
1,393,387
1,393,408
1,393,415
1,393,419
1,393,393
1,393,391
2,393,368
2,393,368
2,393,426
2,393,426
2,393,426
2,393,426
2,393,426
2,393,426
2,393,426
2,393,426
2,393,426
2,394,419
1,394,441
1,396,412
2,397,387
1,397,412
1,400,382
1,400,408
1,400,413
2,400,411
2,400,419
2,400,419
1,400,419
2,400,393
2,400,393
2,400,406
2,400,406
1,400,440
2,400,407
1,400,407
1,400,426
1,403,382
2,403,413
1,403,413
2,403,411
1,403,411
2,403,376
1,403,376
2,403,393
2,403,393
2,403,393
2,403,393
2,403,393
2,403,425
1,403,425
2,403,391
2,403,368
2,403,412
2,403,412
2,403,412
2,403,412
1,403,412
1,403,440
2,403,407
2,403,407
2,403,435
2,403,436
2,403,432
2,403,456
2,403,456
2,403,456
2,403,442
2,403,442
1,403,442
1,404,413
2,404,419
2,404,419
2,404,419
2,404,393
2,404,393
1,404,393
1,404,406
2,404,407
2,404,429
2,404,429
2,406,406
1,406,440
2,406,429
2,406,429
2,406,429
1,406,429
2,408,412
1,408,434
1,411,428
1,411,429
1,411,291
1,411,434
2,412,419
2,412,429
2,412,429
2,412,429
2,412,459
1,412,459
2,413,425
1,413,440
1,413,407
2,413,426
1,413,426
2,413,436
2,413,438
2,413,429
1,413,291
2,413,434
1,413,434
1,413,461
2,414,406
2,414,406
2,414,406
2,414,406
2,414,406
2,414,406
2,414,406
2,414,406
2,414,406
2,414,406
2,414,440
2,414,407
2,414,407
2,414,407
1,414,407
1,414,291
2,415,412
2,415,412
2,415,412
2,415,412
2,415,412
1,416,407
1,417,422
2,417,407
2,417,438
1,417,442
2,417,459
1,417,459
1,417,437
2,419,407
1,419,407
2,419,441
2,419,434
1,422,407
1,425,416
2,425,462
1,425,475
1,425,437
1,426,393
2,426,407
1,426,407
2,426,438
1,426,438
1,426,432
2,426,456
2,426,459
1,426,459
2,427,423
1,428,440
2,428,429
2,428,429
2,428,429
2,428,429
1,428,429
1,428,291
2,428,458
2,428,458
2,428,458
2,428,458
2,428,458
2,428,458
2,428,458
2,428,458
2,428,458
2,428,467
2,428,467
2,428,467
2,429,406
1,429,406
1,429,440
1,429,407
2,429,458
2,429,458
1,429,458
1,431,407
1,431,461
1,432,291
1,432,455
2,432,461
1,432,461
2,432,467
2,432,437
2,432,437
2,432,437
1,432,409
2,433,440
2,433,428
2,433,429
2,433,429
2,433,429
2,433,429
2,433,429
1,433,429
2,433,432
2,433,441
2,433,441
1,433,441
2,433,291
2,433,291
2,433,291
2,433,291
1,433,461
2,433,459
2,433,459
2,433,467
2,433,467
1,433,467
1,433,474
2,433,423
2,433,423
2,433,423
2,433,423
1,433,423
2,433,433
2,433,433
2,433,433
2,433,433
2,433,433
2,435,436
1,435,436
1,435,427
2,435,429
1,435,429
1,435,432
2,435,456
2,435,456
1,435,461
2,435,474
2,435,430
2,435,430
2,435,430
2,435,430
2,435,430
2,435,409
2,435,409
1,435,409
2,436,438
1,436,438
2,436,416
1,436,416
1,436,462
1,436,437
2,437,428
2,437,428
2,437,428
2,437,428
2,437,428
2,437,428
2,437,428
1,437,429
2,437,432
2,437,434
2,437,434
1,437,434
2,437,455
1,437,455
2,437,458
1,437,461
2,437,467
1,437,467
1,437,475
2,437,423
2,437,423
2,437,423
1,437,433
1,437,398
2,438,442
2,438,442
2,438,442
2,438,442
2,438,442
1,438,475
2,438,437
1,438,437
2,438,437
2,438,437
2,438,437
2,438,437
1,438,430
2,438,451
1,438,451
2,438,398
1,440,437
1,440,269
1,441,459
2,441,430
1,441,430
1,441,409
2,441,269
2,442,441
2,442,441
1,442,291
1,442,455
1,442,458
1,442,459
2,442,467
2,442,467
1,442,467
2,442,475
2,442,475
2,442,475
2,442,423
2,442,423
2,442,423
2,442,433
2,442,433
2,446,458
2,446,458
2,446,458
1,446,459
2,446,467
2,446,467
2,446,423
1,446,430
2,446,433
2,446,433
1,447,458
1,447,433
1,448,442
1,448,437
2,448,430
2,448,433
2,448,451
2,448,451
2,448,451
2,448,451
2,448,451
2,448,451
2,448,409
1,448,409
2,449,462
1,449,462
1,449,437
2,449,430
2,449,269
2,449,269
2,449,269
1,449,269
2,450,409
2,451,467
2,451,423
1,451,423
2,451,433
2,451,398
2,451,398
1,451,409
1,452,269
1,453,458
2,453,459
2,453,459
2,453,459
1,453,467
1,453,474
2,453,423
2,453,423
2,453,423
2,453,423
2,453,423
2,453,423
2,453,423
2,453,423
2,453,423
2,453,423
2,453,423
2,453,433
2,453,398
1,453,398
2,453,409
1,454,455
2,454,409
2,455,430
1,455,430
2,455,269
1,458,475
1,458,437
2,458,423
1,458,423
1,458,430
1,458,433
2,458,398
1,458,409
2,458,409
2,458,269
2,458,269
2,458,269
2,458,269
2,458,269
1,458,446
1,459,269
2,460,430
2,460,430
2,460,430
1,460,409
2,461,437
2,461,437
2,461,430
2,461,433
2,461,451
2,461,269
1,461,269
1,462,437
2,462,423
2,462,430
1,462,430
2,462,269
1,463,433
1,463,409
2,465,423
2,465,409
2,466,423
1,466,423
1,466,430
2,466,398
1,467,423
2,467,430
1,467,430
1,467,433
2,467,409
1,467,409
2,467,269
2,467,269
2,467,269
2,467,269
2,468,433
2,468,409
2,468,409
2,468,409
2,468,409
2,468,409
1,468,269
2,470,437
1,470,437
1,470,423
2,470,430
1,470,430
1,470,269
1,471,423
2,471,269
1,472,431
2,472,437
2,472,437
1,472,437
2,472,451
2,472,451
2,472,451
1,472,451
1,472,398
2,472,269
2,472,269
2,472,269
2,472,269
2,472,269
2,472,269
2,472,269
2,472,269
2,472,269
2,472,269
2,474,437
1,474,437
2,474,423
1,474,430
1,474,433
2,474,451
2,474,451
2,474,451
1,474,451
2,474,409
2,474,269
2,474,269
2,474,269
1,474,269
2,474,446
2,478,430
2,478,430
2,478,430
2,478,430
2,478,430
2,478,409
1,478,409
2,478,269
2,478,269
2,478,269
1,478,269
1,480,398
1,482,269
1,484,398
2,484,269
1,486,446
2,487,269
1,497,446
1,509,452
1,509,511
2,509,518
2,509,518
2,509,518
1,509,518
2,509,489
1,509,489
2,509,457
2,509,457
2,509,457
2,509,457
2,509,457
2,509,457
2,509,457
2,509,457
2,509,457
2,509,457
2,509,503
2,509,503
2,509,503
2,509,503
2,509,503
1,509,503
1,511,417
2,511,457
2,511,515
2,511,515
2,511,515
2,513,452
2,513,511
1,513,511
2,513,518
2,513,518
2,513,518
2,513,489
2,513,489
2,513,417
2,513,417
2,513,457
2,513,457
2,513,457
2,513,457
2,513,457
1,513,457
1,513,157
1,513,447
2,513,449
1,513,477
1,513,505
2,513,468
1,513,468
2,513,453
1,513,453
2,513,497
2,513,497
2,513,532
2,514,452
1,514,452
2,514,518
1,514,489
1,514,457
2,514,157
2,514,157
1,514,450
2,514,505
2,514,468
2,514,468
2,514,468
2,514,468
2,514,468
1,514,468
1,514,486
2,514,472
2,514,526
2,514,526
2,515,511
2,515,511
2,515,489
2,515,489
2,515,417
2,515,505
2,515,492
2,515,492
2,515,492
1,515,492
2,515,468
2,515,468
1,515,453
1,515,486
2,515,497
2,515,497
1,515,497
2,515,515
2,515,515
2,515,515
2,515,515
1,515,515
2,515,403
2,515,403
2,515,403
2,515,403
2,515,403
2,515,403
2,515,403
2,515,471
2,515,471
2,515,471
1,515,510
2,515,526
2,515,526
2,515,526
2,515,526
2,515,526
2,515,526
1,516,511
1,516,518
1,516,489
2,516,157
1,516,450
2,516,478
1,516,478
1,516,505
1,516,453
1,516,486
1,516,515
1,516,403
1,517,453
1,517,454
1,517,497
2,518,489
2,518,417
1,518,417
2,518,457
2,518,457
2,518,457
2,518,457
2,518,457
2,518,457
2,518,457
2,518,457
2,518,457
2,518,457
2,518,457
2,518,457
2,518,457
1,518,457
2,518,503
2,518,503
2,518,503
1,518,478
1,518,454
1,518,515
2,518,403
2,518,403
2,519,518
1,519,518
2,519,489
2,519,489
1,519,489
2,519,417
2,519,417
1,519,417
2,519,388
2,519,388
2,519,388
2,519,388
1,519,457
2,519,157
2,519,157
1,519,157
1,519,478
1,519,478
2,519,468
2,519,468
2,519,468
1,519,493
2,519,453
2,519,453
2,519,453
2,519,403
1,519,510
1,519,525
2,521,518
1,521,489
1,521,417
2,521,388
2,521,457
2,521,457
2,521,457
1,521,457
2,521,157
1,521,503
2,521,468
2,521,468
2,521,468
2,521,468
2,521,468
2,521,468
1,521,468
2,521,453
2,521,453
2,521,453
2,521,453
2,521,453
2,521,453
2,521,453
2,521,453
2,521,454
1,521,486
2,521,472
2,521,497
1,521,497
2,521,403
2,521,403
2,521,403
2,521,403
2,521,403
2,521,403
2,521,403
1,521,533
2,521,465
1,521,536
2,523,157
1,523,157
1,523,449
2,523,450
1,523,478
2,523,492
2,523,468
2,523,468
2,523,453
2,523,486
1,523,486
2,523,472
2,523,472
1,523,497
1,523,515
2,523,403
2,523,403
2,523,403
2,523,403
2,523,403
2,523,471
2,523,525
2,523,537
2,523,536
1,523,536
1,523,540
2,523,526
2,523,526
2,523,526
1,523,526
1,523,494
1,523,516
2,523,496
1,523,496
1,523,539
2,525,486
1,525,497
1,525,494
2,525,543
2,525,543
2,525,514
2,525,545
2,525,545
1,526,453
2,526,403
1,526,403
2,526,533
1,526,496
1,526,545
2,526,521
1,526,521
1,526,564
1,527,478
1,527,498
1,527,497
1,527,533
1,527,525
2,527,537
2,527,537
2,527,537
2,527,537
2,527,537
2,527,537
2,527,537
2,527,537
2,527,537
2,527,537
2,527,537
2,527,537
2,527,537
2,527,537
2,527,537
1,527,536
2,527,541
1,527,494
1,527,539
2,527,491
2,527,491
2,527,491
2,527,491
2,527,491
2,527,543
1,527,543
1,527,563
2,530,403
2,530,403
1,530,403
2,530,536
2,530,536
2,530,536
2,530,536
2,530,536
2,530,536
2,530,536
2,530,536
2,530,536
1,530,494
1,530,516
2,530,496
2,530,496
2,530,496
2,530,496
2,530,496
2,530,496
2,530,496
2,530,496
2,530,496
1,530,549
2,530,545
2,530,545
2,530,545
2,530,545
2,530,545
2,530,545
2,530,545
2,530,545
2,530,521
2,530,521
2,530,517
1,530,517
2,530,523
2,530,523
2,530,523
1,530,523
1,531,536
1,531,540
2,531,539
1,531,552
1,531,546
2,532,494
2,532,496
1,532,496
2,532,539
2,532,539
1,532,543
2,532,545
1,532,556
2,532,527
1,533,496
1,533,543
2,533,545
2,533,545
2,533,545
1,533,569
2,533,521
2,533,521
2,533,521
1,533,521
2,533,564
1,533,564
2,533,517
2,533,517
2,533,517
2,533,523
1,533,523
1,533,578
1,533,519
1,534,552
1,534,546
1,534,514
1,534,521
2,534,523
2,534,523
1,534,523
2,534,534
1,534,534
1,534,556
1,534,571
2,534,577
2,534,519
1,534,519
1,534,558
1,536,496
2,536,569
2,536,556
1,536,556
2,536,571
1,536,571
1,536,460
1,536,519
2,536,396
2,537,541
2,537,541
1,537,496
1,537,545
1,537,517
2,537,556
2,537,556
2,537,556
2,537,556
2,537,571
2,537,571
1,537,571
1,537,577
2,537,460
1,537,460
2,537,400
2,537,400
2,537,400
2,537,400
2,537,400
2,537,400
2,537,400
2,537,400
2,537,400
2,537,400
2,537,400
2,537,400
2,537,400
2,537,400
2,537,400
2,537,400
2,537,400
1,537,400
2,537,527
2,537,527
1,537,527
2,538,543
1,538,543
1,538,563
2,538,545
1,538,545
2,538,569
2,538,569
2,538,569
2,538,564
2,538,564
1,538,564
2,538,530
1,538,530
2,538,571
2,539,494
2,539,494
2,539,566
1,539,545
1,539,521
1,539,564
2,539,523
2,539,523
1,539,523
2,539,568
1,539,480
1,539,527
1,539,519
2,539,396
2,540,543
1,540,543
1,540,521
2,540,523
2,540,530
1,540,530
1,541,546
2,541,566
1,541,566
2,541,545
2,541,545
1,541,521
1,541,564
1,541,523
1,541,268
2,541,577
2,541,577
2,541,572
2,541,572
2,541,527
2,541,527
2,541,527
2,541,519
1,541,519
2,543,563
2,543,563
1,543,563
2,543,545
1,543,521
2,543,523
2,543,523
2,543,460
2,543,460
2,543,460
2,543,460
2,543,460
2,543,579
1,543,579
2,545,521
2,545,521
1,545,564
1,545,517
1,545,523
2,545,556
2,545,556
1,545,556
1,545,577
2,545,400
2,545,400
2,545,400
2,545,400
2,545,400
2,545,400
1,545,400
1,545,527
2,545,163
2,545,513
2,545,513
2,545,513
1,545,513
2,546,566
2,546,566
2,546,566
2,546,566
2,546,566
2,546,566
2,546,566
1,546,569
1,546,517
2,546,530
2,546,530
2,546,530
2,546,568
2,546,568
2,546,568
1,546,568
1,546,577
1,546,460
2,546,572
2,546,163
2,546,396
2,546,396
2,546,396
2,548,566
1,548,523
2,548,568
2,548,571
2,548,571
2,548,571
1,548,519
2,548,396
2,549,564
2,549,568
1,549,460
2,549,527
2,549,527
2,551,569
2,551,521
2,551,517
2,551,517
1,551,517
1,551,523
2,551,530
1,551,556
2,551,527
1,551,527
2,552,545
2,552,545
1,552,545
2,552,521
1,552,521
1,552,523
2,552,530
2,552,530
2,552,530
2,552,530
2,552,268
2,552,460
1,552,572
2,552,560
2,552,480
1,552,576
1,552,519
2,552,396
2,552,396
2,552,396
2,552,396
2,552,396
2,552,396
2,552,396
2,552,396
1,552,396
2,552,580
2,552,580
2,552,580
1,552,580
2,552,587
2,552,531
2,552,531
2,552,531
2,552,531
2,552,531
2,552,531
2,552,531
2,552,531
2,552,531
2,552,531
1,552,531
1,554,562
1,554,545
2,554,569
2,554,569
2,554,521
1,554,517
2,554,523
1,554,523
1,554,571
2,554,577
1,554,577
1,554,460
1,554,400
1,554,527
2,554,163
1,554,519
2,554,558
2,554,558
2,555,521
2,555,517
1,555,517
2,555,523
2,555,534
1,555,534
2,555,577
2,555,577
1,555,577
1,555,460
1,555,555
1,555,519
1,555,558
1,556,571
2,558,521
1,558,517
1,558,523
2,558,530
2,558,530
2,558,268
2,558,268
2,558,268
2,558,577
2,558,577
2,558,577
2,558,577
2,558,577
2,558,577
2,558,577
2,558,577
2,558,577
2,558,577
2,558,577
2,558,577
2,558,577
2,558,577
2,558,577
1,558,460
2,558,400
2,558,400
1,558,480
2,558,163
2,558,519
2,558,396
2,558,396
1,558,396
2,560,521
2,560,523
1,560,523
1,560,556
2,560,527
2,560,527
2,560,527
2,560,527
2,560,527
2,560,527
2,560,527
2,560,527
2,560,527
2,560,527
2,560,527
2,560,527
2,560,527
2,560,527
2,560,527
2,560,527
2,560,527
2,560,527
1,562,521
2,562,530
1,562,571
2,562,577
2,562,460
2,562,460
2,562,574
2,562,396
2,562,396
2,562,396
2,562,396
1,563,545
1,563,564
2,563,523
2,563,530
2,563,578
2,563,578
2,563,578
2,563,578
1,563,578
2,563,577
2,563,460
2,563,460
1,563,460
2,563,527
2,563,527
2,563,527
1,563,527
1,563,558
1,563,513
1,564,523
1,564,268
1,564,577
1,564,400
1,564,480
2,564,527
1,564,527
2,564,163
2,564,163
2,564,163
2,564,579
1,564,579
1,564,519
2,564,558
2,564,396
1,564,396
2,564,587
2,564,587
2,564,587
1,565,523
2,566,517
2,566,523
2,566,523
2,566,523
2,566,523
2,566,523
2,566,523
2,566,523
2,566,523
2,566,523
2,566,523
2,566,523
2,566,523
2,566,523
2,566,523
2,566,523
2,566,523
2,566,523
2,566,523
2,566,523
2,566,523
2,566,523
1,566,523
1,566,460
2,566,400
1,566,400
1,566,579
2,566,519
2,566,519
2,566,519
2,566,558
2,566,558
2,566,558
2,566,558
1,566,558
1,566,593
2,566,513
2,566,513
2,566,513
2,566,513
1,566,513
1,567,560
1,567,555
2,567,581
1,567,581
1,567,574
1,567,396
1,567,586
1,567,587
1,568,268
2,568,568
2,568,568
2,568,568
2,568,572
2,568,572
2,568,572
2,568,163
2,568,581
2,568,581
2,568,582
2,568,582
1,568,582
1,569,268
1,569,556
2,569,580
2,569,531
2,569,531
1,571,517
2,571,523
1,571,523
2,571,556
2,571,556
2,571,556
2,571,577
1,571,577
1,571,460
2,571,527
2,571,527
2,571,527
1,571,163
1,571,519
2,571,558
2,571,558
1,571,558
2,572,523
1,572,523
1,572,530
1,572,268
2,572,568
2,572,568
2,572,400
2,572,400
2,572,400
2,572,400
2,572,400
2,572,400
2,572,400
2,572,400
2,572,400
2,572,400
2,572,400
2,572,400
2,572,480
2,572,480
1,572,527
2,572,582
2,572,582
2,572,582
2,572,582
2,572,396
2,572,396
2,572,396
2,572,396
2,572,396
2,572,595
2,572,531
2,572,531
2,572,531
1,572,531
2,573,560
1,573,560
1,573,396
2,573,586
1,573,591
2,574,560
1,574,555
2,574,396
2,574,586
2,574,586
1,574,583
2,574,602
1,576,573
1,576,582
1,576,574
1,576,586
1,576,593
1,577,400
2,577,527
2,577,163
2,577,163
2,577,595
2,577,595
2,577,595
2,577,595
1,577,595
2,577,531
1,577,600
1,578,574
1,578,591
2,579,527
1,579,527
2,579,163
2,579,579
2,579,579
2,579,582
2,579,582
2,579,582
1,579,519
1,579,558
2,579,396
2,579,396
2,579,594
2,579,587
2,579,595
2,579,595
2,579,595
1,579,595
2,579,531
2,579,531
2,579,531
2,579,531
2,579,531
2,579,531
2,579,531
2,579,531
1,579,531
1,579,618
2,580,527
2,580,527
1,580,527
2,580,396
2,580,513
2,580,595
2,580,595
1,580,595
2,581,582
2,581,582
1,581,585
2,581,396
2,581,396
1,581,396
2,581,586
2,581,586
1,581,597
2,581,602
2,581,602
2,581,602
2,581,602
2,581,602
2,581,602
2,581,602
2,581,602
2,581,602
1,581,602
1,581,618
2,582,591
2,582,591
1,582,591
2,582,597
2,582,597
2,582,597
2,582,597
2,582,597
1,582,597
1,582,602
2,583,584
1,583,584
1,584,513
2,584,595
1,584,595
2,584,628
1,584,641
1,584,641
2,586,602
2,586,602
1,586,602
1,586,599
1,586,604
2,586,617
2,586,617
2,586,617
2,586,617
1,586,617
1,587,595
1,587,531
2,587,616
2,587,616
2,587,616
1,587,616
2,587,509
2,587,509
2,587,509
1,590,509
2,591,609
2,591,609
2,591,609
2,591,609
2,591,609
2,591,609
2,591,609
2,591,609
2,591,609
2,591,609
2,591,609
2,591,609
2,591,609
2,591,609
1,591,609
2,591,590
1,591,620
2,593,584
2,593,584
1,593,609
1,593,622
2,593,509
1,593,509
1,594,616
1,594,590
1,594,620
2,594,631
1,594,509
2,594,487
2,594,487
2,594,639
1,595,603
2,595,609
2,595,616
2,595,616
2,595,616
2,595,616
2,595,616
2,595,616
2,595,590
2,595,624
1,595,509
1,595,632
2,595,641
1,595,641
2,597,584
1,597,584
2,597,616
2,597,616
2,597,616
1,597,590
1,597,620
1,597,628
2,597,655
2,597,655
2,597,655
1,597,655
2,599,602
1,599,602
1,599,604
1,599,616
2,599,617
2,599,617
2,599,617
2,599,617
1,599,617
2,599,590
1,599,637
1,599,639
2,601,609
2,601,609
2,601,609
2,601,609
2,601,609
2,601,617
2,601,617
1,601,617
2,601,624
2,601,624
1,601,620
2,601,509
2,601,637
2,601,639
2,601,655
2,602,616
2,602,616
1,602,632
2,602,636
2,603,622
1,603,622
2,603,509
2,603,632
2,603,632
2,603,632
2,603,632
1,603,636
1,603,643
2,603,651
2,603,640
1,603,640
1,604,604
2,604,616
2,604,617
2,604,617
1,604,590
2,604,620
1,604,631
2,604,637
2,604,637
2,604,639
2,604,639
2,604,639
2,604,638
2,606,603
1,606,603
1,609,509
2,609,651
2,611,627
1,611,632
1,611,641
2,611,637
2,616,627
1,616,620
2,616,487
1,616,637
2,617,622
2,617,509
1,617,628
2,617,632
2,617,641
2,617,636
1,617,636
1,617,629
2,617,645
2,617,643
2,617,651
2,619,640
2,620,616
2,620,616
1,620,616
1,620,487
1,620,637
1,620,656
1,620,606
2,622,509
2,622,641
1,622,641
2,622,645
1,622,656
2,622,606
2,622,606
2,622,606
2,622,606
1,623,629
1,624,643
1,624,651
2,624,640
1,624,640
1,624,606
2,625,636
2,625,636
2,625,636
2,625,636
1,625,636
2,625,637
1,625,651
1,625,640
2,625,606
2,625,606
2,625,606
1,625,606
1,627,631
2,627,637
1,627,637
1,627,639
1,627,660
1,627,669
2,628,629
1,628,643
2,628,651
1,628,640
1,629,638
1,631,606
1,631,671
2,631,648
1,631,648
2,632,643
2,632,643
2,632,651
2,632,606
2,632,671
2,635,638
2,635,671
1,635,671
2,637,651
2,637,651
2,637,656
1,637,656
2,637,655
2,637,655
2,637,655
2,637,655
2,637,655
2,637,655
1,637,655
1,637,606
2,637,671
2,637,671
2,637,671
2,637,646
2,637,646
2,637,646
1,637,646
1,638,625
1,638,606
1,638,646
1,639,638
2,639,667
1,639,665
1,639,625
1,639,671
2,639,668
1,639,668
1,639,646
2,640,625
2,642,660
1,642,660
1,642,625
2,642,674
2,642,674
2,642,674
1,642,674
1,643,651
1,643,606
2,643,671
2,643,646
1,643,646
1,645,651
1,645,606
1,645,646
1,646,638
2,646,656
2,646,656
2,646,655
2,646,655
1,646,635
2,646,665
1,646,670
2,646,680
2,648,660
1,651,655
1,651,606
2,651,671
2,651,612
2,651,695
1,651,695
2,652,660
2,652,669
2,652,665
2,652,674
2,652,668
2,652,668
2,652,668
2,652,668
2,652,668
2,652,668
2,652,668
2,652,668
2,652,668
2,652,668
2,652,668
2,652,668
2,652,668
2,652,668
2,652,668
2,652,668
2,652,668
2,652,668
2,652,668
2,652,668
1,652,668
2,652,646
2,652,688
2,652,688
2,652,688
1,652,688
1,652,662
1,655,660
1,655,625
2,655,606
2,655,606
2,655,606
2,655,606
2,655,606
2,655,606
2,655,606
2,655,606
2,655,606
2,655,671
2,655,671
2,655,671
2,655,671
2,655,671
2,655,671
2,655,671
2,655,671
2,655,671
2,655,671
2,655,671
2,655,671
1,655,671
1,655,612
2,655,648
2,655,648
2,655,648
2,655,648
2,655,648
2,655,648
2,655,648
2,655,648
2,655,648
2,655,648
2,655,646
2,655,646
2,655,646
1,655,646
2,655,662
2,655,695
1,656,674
2,656,606
1,656,668
1,656,693
2,656,646
2,656,683
1,661,716
1,662,606
1,662,646
2,665,680
2,665,680
2,665,680
2,665,680
2,665,680
2,665,680
2,665,680
2,665,680
2,665,680
2,665,680
2,665,680
1,665,680
2,665,662
1,665,691
1,665,682
2,665,687
1,665,687
1,667,671
1,667,646
2,667,662
1,667,691
2,667,666
1,667,666
1,667,687
2,668,668
1,668,693
2,668,666
2,668,712
2,668,712
1,670,606
1,670,612
1,670,646
2,671,673
1,671,673
2,671,646
1,671,646
2,671,689
2,674,646
2,674,649
2,674,649
1,674,708
1,679,685
1,679,695
2,679,716
1,679,689
1,680,670
2,680,649
2,680,649
2,680,682
2,680,709
1,680,716
2,680,715
1,680,715
1,680,713
2,680,725
1,680,725
1,682,668
2,682,712
1,682,720
2,683,712
2,683,712
1,683,712
1,683,713
2,683,720
1,685,649
2,685,685
1,685,716
1,685,715
1,685,713
1,686,693
2,686,646
1,686,688
1,686,662
2,686,691
1,686,691
2,686,682
2,686,683
2,686,683
1,686,683
2,686,701
2,686,701
1,686,666
1,686,687
2,686,712
1,686,713
1,686,720
2,686,725
2,688,682
1,688,682
2,688,683
2,688,709
2,688,709
2,688,709
2,688,715
2,688,720
2,688,720
2,689,649
2,689,649
2,689,649
1,689,649
1,689,682
1,689,683
1,689,685
1,689,701
2,689,666
2,689,666
2,689,687
2,689,687
1,689,720
2,691,715
1,691,715
1,695,685
1,695,709
1,695,708
2,695,712
2,695,712
1,695,715
2,695,720
1,695,720
2,695,725
2,695,725
1,695,725
2,699,708
1,699,708
2,699,712
2,701,716
1,701,716
1,701,713
2,704,720
2,706,708
2,706,708
2,706,708
2,706,708
2,706,708
2,706,715
2,706,715
1,706,713
2,706,725
1,710,689
2,714,725
2,714,725
1,715,689
2,720,689
1,720,689
1,721,689
